title,description,country,year,genres,show_url,image_url
Волшебники из Вэйверли Плэйс,"Типичная семья из Нью-Йорка при ближайшем рассмотрении оказывается не такой уж и обычной! Джерри и Тереза  родители троих подростков, которые традиционно ходят в школу, влюбляются, проказничают. Однако от сверстников их отличает довольно значительная деталь  Алекс, Джастин и Макс волшебники! Повернуть время вспять и научиться водить ковер-самолет  эти задачи по плечу не каждому тинейджеру. Алекс из-за неумелого использования магии постоянно попадает в курьезные ситуации, а её старший брат Джастин, наоборот, усердно учит законы волшебства, его упорству можно позавидовать! В отличие от своего брата, Макс, самый младший в семье Руссо, не считает нужным слишком утруждать себя. Пожалуй, даже с такими необычными способностями семья могла бы жить спокойно, если бы не одна деталь. По достижению 18 лет только одному из детей будет позволено сохранить свои волшебные способности. Кто же победит в этом необычном соревновании?",США,2007,"Комедия, Семейный, Фэнтези",https://myshows.me/view/1290/,https://media.myshows.me/shows/760/e/25/e25d66274ef03b1deeebdcda5ab34467.jpg
Психо-паспорт,"События аниме происходят в 2112 году. В этом будущем можно путем сканирования мозга мгновенно измерить психическое состояние любого лица и вероятность совершения им преступлений. Эти данные составляют так называемый «психо-паспорт» каждого гражданина. Если индекс коэффициента преступности оказывается слишком высок, человек вынужден пройти принудительное лечение либо, при необходимости, подлежит уничтожению. Выполнением этой задачи занимаются специальные команды из Бюро общественной безопасности, состоящие из потенциальных преступников (так называемых «псов»), и инспекторов полиции, осуществляющих надзор над своими подопечными. Члены каждой команды получают особое оружие  Доминатор, способное открывать огонь только по тем, чей коэффициент преступности превышает допустимую норму. История повествует о Синье Когами, который должен раскрывать преступления в этом тёмном будущем.",Япония,2012,"Боевик, Аниме, Криминал, Фантастика",https://myshows.me/view/27823/,https://media.myshows.me/shows/760/f/88/f8822f64efe528bbb5be8ae09b3e5564.jpg
Братья по оружию,"В сериале рассказывается о боевом пути роты E («Easy») 2-го батальона 506-го парашютно-десантного полка 101-й воздушно-десантной дивизии США от тренировочного лагеря в Таккоа, штат Джорджия, через высадку в Нормандии, операцию «Маркет Гарден» и Бастонское сражение до конца войны.",США,2001,"Боевик, Драма, Военный",https://myshows.me/view/184/,https://media.myshows.me/shows/760/9/5d/95d9b300bf1a9363079a5e10ced40727.jpg
Паразит: Учение о жизни,"Паразиты Создания, живущие за счёт своего носителя, обладают совершенно нечеловеческой силой. Посланные небом должны проникать в мозг человека для полной власти над носителем. Но кому как повезёт Именно эта неудача одного паразита спасает жизнь школьника Шиничи Идзуми, живущего обычной жизнью. Но и эта же неудача делает его носителем этого загадочного существа, обрекая Шиничи на постоянную борьбу за выживание с другими, более сильными паразитами. Что же будет делать Шиничи, если его существование с паразитом в его организме ставит на кон жизни и его близких?",Япония,2014,"Аниме, Боевик, Ужасы",https://myshows.me/view/39018/,https://media.myshows.me/shows/760/c/2f/c2fa6be245af67155e6b1540ed47a2f8.jpg
Ван-Пис,"Это было во времена, когда пираты были владыками морей. Множество кораблей бороздили океаны, сражаясь между собой, в поисках величайшего в мире сокровища, имя которому One Piece. Эта благодать была собрана за долгие годы приключений легендарным пиратским капитаном, Золотым Роджером, который по праву заслужил титул Короля Пиратов. Наш главный герой — простой парнишка по имени Монки Д. Луффи, который всегда хотел стать пиратом. Однажды, он случайно съел один из Дьявольских фруктов, которые даруют людям нечеловеческие возможности, и стал резиновым человеком. Обратите внимание! Описание разбивки сезонов",Япония,1999,"Боевик, Приключения, Аниме, Комедия, Фэнтези",https://myshows.me/view/737/,https://media.myshows.me/shows/760/f/61/f61cc78742af32a5a1513caa53c580c0.jpg
Домашний арест,"Аркадий Аникеев — мэр провинциального города Синеозёрска. Перед очередными выборами его арестовывают за взяточничество. Пока ведется следствие, Аникеева посадили под домашний арест. Однако прописан он в коммунальной квартире, чтобы казаться обычным человеком для своих избирателей. Тем временем от бывшего мэра уходит жена, на которую и было записано всё его имущество, нажитое с помощью коррупции. Находясь под домашним арестом, Акинеев встречает своего друга детства Ивана Самсонова. Именно его герой пытается сделать новым мэром Синеозёрска, чтобы тот помог снять с него обвинения. Подробности сериала «Домашний арест» Идея шоу принадлежит комику Семёну Слепакову, бывшему КВН-щику и продюсеру других знаменитых сериалов ТНТ: « Универа » и « Интернов ». Главную роль в «Домашнем аресте» исполнил Павел Деревянко («Брестская крепость»).",Россия,2018,"Комедия, Драма",https://myshows.me/view/55797/,https://media.myshows.me/shows/760/8/bd/8bdd1835347f27a396c2eb2b19689f24.jpg
Хэппи!,"Ник Сакс — бывший полицейский, который живет как социальный изгой и заполняет дни алкоголем и наркотиками. А еще Ник подрабатывает киллером, чтобы получать деньги на свои вредные привычки. Однажды, очнувшись после сердечного приступа, Ник начинает видеть маленького синего крылатого единорога по имени Хэппи. Хэппи объясняет Саксу, что он — воображаемый друг маленькой девочки Хэйли, которая была похищена человеком, одетым как Санта-Клаус. Хэппи просит Ника помочь спасти Хэйли, которая, как оказывается, дочь Сакса. Подробности сериала «Хэппи!» Первый сезон телешоу, основанного на комиксе Гранта Моррисона «Хэппи!», получил отличные оценки: пользовательский рейтинг проекта на сайте Rotten Tomatoes — 95%, критики же дали сериалу 80% свежести. Хэппи озвучивал Пэттон Освальт (« Король Квинса »), а роль Ника исполнил Кристофер Мелони (« Поза »).",США,2017,"Криминал, Драма, Фэнтези",https://myshows.me/view/54629/,https://media.myshows.me/shows/760/a/3a/a3a23f9ef739982df496e41abe87aab0.jpg
Американский вандал,"«Американский вандал» — псевдодокументальный сериал, пародирующий true crime проекты. Мы следим за последствиями пранка, в котором обвинили старшеклассника Дилана Максвелла. Якобы Дилан нарисовал 27 пенисов на машинах, стоящих на школьной парковке. Дилан отрицает свою причастность, однако его все равно исключают. Второкурсник Питер и его друг Сэм решают начать свое собственное расследование, чтобы выяснить, действительно ли Дилан ничего не делал и кто на самом деле стоит за преступлением. Подробности сериала «Американский вандал» «Американский вандал» — это антология, поэтому во втором сезоне Питер (его играет Тайлер Альварес, снимавшийся в « Веронике Марс ») и Сэм (его роль исполнил Гриффин Глюк из « Красных браслетов ») расследуют уже совсем другое дело. Шоу собрало в основном положительные отзывы — на агрегаторе Metacritic рейтинг «Американского вандала» составляет 76.",США,2017,"Комедия, Криминал",https://myshows.me/view/54433/,https://media.myshows.me/shows/760/6/ec/6ec33e0a2430e316b46d0391deff4895.jpg
"Город, в котором меня нет","Жизнь мангаки нелегка. Тяжелый и кропотливый труд по достоинству вознаграждается в редких случаях. Авторские работы, в которые были вложены душа и нравоучительный посыл, не всегда достигают сердец читателей. Однажды понять, что ты пустой и скучный человек, не способный на большее  самый большой страх в жизни мангаки.Сатору Фуджинума тоже автор. В свои двадцать восемь лет он трудится не покладая рук, однако не все авторы гении, и далеко не у каждого получается выразить себя в своих работах. «Каким должен быть главный герой?», «Должен ли он быть достаточно похож на меня?», «Чего ему не хватает?», «Чего не хватает мне?». Такими вопросами ежедневно задается Сатору, и, как многие, боится однажды увидеть себя пустым и скучным. Но разве пустые и скучные люди могут так же ловко подмечать в своем окружении разные мелочи? Могут ли они, воспользовавшись этим, с безграничной самоотдачей помогать людям? Сатору может. Но признавать это в себе, то, что делает его далеко не посредственным, он не хочет. Впрочем, как и называть свой дар сверхъестественным. Ведь в сущности этот хмурый мангака имеет возможность не просто подмечать мелочи. Он может, хоть и непроизвольно, «откатывать» время назад, что уж точно нельзя назвать обычным.",Япония,2016,"Триллер, Фэнтези, Аниме, Детектив",https://myshows.me/view/47969/,https://media.myshows.me/shows/760/d/f8/df8c78e20c706098f26e84ef4c86c383.jpg
Воздействие,"Нейт Форд, бывший следователь страховой компании, возглавляет команду, в которую входят: компьютерный мошенник Хардисон, воровка и вообще безбашенная особа Паркер, актриса и мошенница Софи и специалист широкого профиля Эллиот. Эта команда помогает людям пострадавшим от рук сильных мира сего, а попросту  воров.",США,2008,"Боевик, Криминал, Драма",https://myshows.me/view/104/,https://media.myshows.me/shows/760/4/db/4db407b609ab0e3680270a11f4d4b35b.jpg
Нация Z,"Спустя три года после того, как вирус зомби распространился и выпотрошил всю страну, команда героев должна перевезти единственного известного оставшегося в живых от действия чумы из Нью-Йорка в Калифорнию, где последняя функционирующая вирусная лаборатория ждет его крови. Хотя антитела, которые он несет, являются последней надеждой мира получить вакцину, он скрывает мрачную тайну, которая угрожает им всем. Выживание человечества под угрозой, когда разношерстная группа предпринимает путешествие длиной в пять тысяч километров по опустошенной, постапокалиптической Америке.",США,2014,"Боевик, Ужасы, Фантастика",https://myshows.me/view/37893/,https://media.myshows.me/shows/760/7/31/731f6c138f65f73b2dda1c116672c0b2.jpg
Котопес,"«КотоПёс» рассказывает о забавных невзгодах уникального создания с двумя головами на разных концах туловища. КотоПес  это странный гибрид кошки и собаки, живущий в абсурдном, загадочном мире, наполненном удивительными персонажами, парадоксальными событиями и безумными приключениями. Кот и Пёс  верные друзья, невзирая на их противоположные привычки. Все кошки  чистюли. Собаки же  разгильдяи и грязнули. Кошки привередливы. Собаки едят всё подряд. Кошки обожают понежиться на солнышке. Собаки, увидев лужу, спешат в нее залезть. Кот и Пёс любят друг друга, но, несмотря на это, полетят клочки по закоулочкам!",США,1998,"Детский, Комедия",https://myshows.me/view/593/,https://media.myshows.me/shows/760/a/33/a33155701faf30d0e998edb7dee714b9.jpg
Новая Битва экстрасенсов,"«Битва экстрасенсов» на канале ТНТ доказывает: сверхъестественные способности существуют, а их обладатели могут спасти жизнь, найти пропавшего ребенка, рассказать о прошлом и будущем и просто вернуть потерянный телефон.",Россия,2007,"Ужасы, Детектив, Таланты",https://myshows.me/view/16718/,https://media.myshows.me/shows/760/f/ea/fead1208be63c56184e0265e64b5d327.jpg
Черный Плащ,"Мультсериал, повествующий о приключениях загадочного супергероя-селезня по прозвищу Чёрный Плащ, который ведет борьбу со злодеями, представляющими смертельную угрозу для города Сен-Канар. В этом нелёгком деле ему помогают горе-пилот и механик Зигзаг МакКряк и непоседливая Гусёна.",США,1991,"Комедия, Детский, Мультфильмы",https://myshows.me/view/81/,https://media.myshows.me/shows/760/3/bd/3bd39cc6f7af17474237b88f80c932a8.jpg
Роковой патруль,"Роковой патруль — команда супергероев, способности которых скорее проклятие, чем благодать. Клиф Стилл закован в тяжелую броню и не способен на телесный контакт; Джейн страдает диссоциативным расстройством: в ней живёт 64 личности; Рита Фарр — красотка, но всякий раз, когда испытывает стресс, она превращается в бесформенную жижу. Ларри Трейнор — бывший пилот, в котором живёт необузданная энергия, способная разрушить окружающий мир. Роковым патрулём руководит Найлз Колдер, который собрал всех этих людей, пытаясь помочь им контролировать силы и жить в обществе. Однажды Колдер исчезает, и команда героев отправляется на его поиски, попутно переживая многочисленные внутренние конфликты. Подробности сериала «Роковой патруль» В основу шоу легли комиксы издательства DC. События «Рокового патруля» развиваются в отдельной вселенной, однако некоторые герои встречаются в другом сериале DC Universe — « Титанах ».",США,2019,"Боевик, Драма, Фантастика",https://myshows.me/view/58584/,https://media.myshows.me/shows/760/2/3e/23e6f6345ea63faa568c57dc3a56f389.jpg
Ковбой Бибоп,"Джет Блэк, бывший полицейский, и Спайк Шпигель, человек с тёмным прошлым, совершенно не планировали увеличивать экипаж космического корабля Бибоп, являющегося для них домом и средством передвижения. Но сети, раскинутые для поимки дорогостоящих отбросов общества, принесли им Фэй Валентайн  очаровательную картёжницу с колоссальным долгом, Эд  потерявшуюся компьютерную умницу и Эйн  предположительно, самую умную собаку на свете. Именно в таком составе экипаж Бибопа и продолжает своё дело  охоту за головами. Их приключения носят комичный, философский, а подчас и трагичный характер",Япония,1998,"Фантастика, Боевик, Приключения, Аниме",https://myshows.me/view/792/,https://media.myshows.me/shows/760/2/0e/20efed08ca7a6f0e5dc5b6235f092569.jpg
Дневник будущего,"Амано Юкитэру  типичный изгой, одиночка. Все свое время он  безучастный наблюдатель, делающий записи в мобильном дневнике об окружающих событиях. Единственного постоянного собеседника, бога пространства и времени Деуса, Юки считает плодом своей фантазии. Однако всё меняется, когда Деус наделяет Юки, а точнее его дневник, вполне реальным свойством показывать события ближайшего будущего. Казалось бы живи да радуйся, однако подарок оказывается с подвохом,  парень узнаёт, что подобными дневниками владеют ещё одиннадцать человек, и все вместе они являются участниками жестокой игры, выжить в которой суждено лишь одному из них.",Япония,2011,"Боевик, Аниме, Сверхъестественное, Триллер",https://myshows.me/view/20993/,https://media.myshows.me/shows/760/2/d6/2d697e49ba4ccffaa09fbb13e693ed1e.jpg
Аладдин,"Красочный и добрый мультсериал о приключениях Аладдина, Жасмин, попугая Яго и мартышки Абу. И какие же арабские сказки без волшебства? И в этой тоже есть  Джинн! Он весел, всемогущ и просто неотразим. С ним не соскучишься, но он тоже попадает в переделки, ведь всегда есть кто-то более могучий. Красивый сериал от Диснея с большим количеством юмора.",США,1994,"Детский, Мультфильмы",https://myshows.me/view/590/,https://media.myshows.me/shows/760/b/85/b854676f42a87bb5020c757725348bee.jpg
Каштановый человечек,"Экранизация одноименного романа Сорена Свейструпа. На месте страшного убийства находят куколку из каштанов. По этой жутковатой улике два детектива пытаются разыскать убийцу, причастного к пропаже ребенка политика.",Дания,2021,"Драма, Детектив, Триллер",https://myshows.me/view/73875/,https://media.myshows.me/shows/760/b/3f/b3f94fa8e447ce35717bd4bf53b5add0.jpg
Убийца Акаме!,"Мечник Тацуми, простой парнишка из сельской местности отправляется в Столицу чтобы заработать денег для своей голодающей деревни. А добравшись туда вскоре узнает, что великая и красивая Столица это лишь видимость. Город погряз в коррупции, жестокости и беззаконии которые идут от премьер министра, что правит страной из-за кулис. Но как всем известно  «Один в поле не воин» и ничего тут не поделаешь, особенно когда твой враг глава государства или точнее тот, кто им прикрывается. Найдет ли Тацуми себе единомышленников и сможет-ли что-то изменить?",Япония,2014,"Боевик, Фэнтези, Аниме",https://myshows.me/view/38030/,https://media.myshows.me/shows/760/2/db/2db6cb559e6df6af2870aa93ff4603fc.jpg
Приключения Джеки Чана,"Образ анимационного персонажа Джеки объединил в себе черты сразу двух известных героев: прославленного археолога Индианы Джонса и всемирно известного актёра  Джеки Чана. Как и его прототип, Джеки путешествует по миру в поисках древностей, многие из которых обнаруживают в себе магические свойства. Кроме того, мультяшный Джеки как две капли воды похож на киноактёра, любимца и детей и взрослых  Джеки Чана. Подобно герою боевиков Джеки Чану, рисованный Джеки виртуозно владеет восточными единоборствами, он стремительный, неуловимый, он борется со злом во всех его проявлениях.",США,2000,"Боевик, Приключения, Детский, Комедия, Фэнтези",https://myshows.me/view/1742/,https://media.myshows.me/shows/760/d/fc/dfc570f01233ddf8a02e9221ad9d56e0.jpg
Юри на льду,"После разгромного поражения на Гран При 23-летний мастер фигурного катания Юри Катцуки разочаровывается в призвании и на время забрасывает карьеру. Он возвращается в родной город Хасецу, где на местном катке встречает подругу детства Юко, с которой они тренировались в юности. Вместе они разыгрывают выступление и привлекают внимание русского фигуриста Виктора Никифорова, который хочет тренировать Юри. В Хасецу следом приезжает молодой талант Юрий Плисецкий, чтобы напомнить Никифорову об обещании быть его тренером. Перед Виктором стоит выбор: кого из фигуристов он возьмёт в ученики? Два Юрия на льду должны раскрыть весь свой потенциал, чтобы показать, кого из них ждёт легендарная карьера. Подробности сериала «Юрий на льду» Производством занималась студия MAPPA, также ответственная за аниме « Аполлон: Дети на холме » и « Эхо Террора ». Режиссёром «Юри на льду» выступил Саё Ямамото, автор сериала « Митико и Хаттин ». В стриминговом сервисе для аниме Chrunchyroll «Юри на льду» стал одним из самых популярных тайтлов за 2017 год, уступив лишь « Сейлор Мун: Кристалл » и « Приключениям ДжоДжо ». За время показа в эфире сериал заработал 30 миллионов долларов — это самый высокий результат сезона, за исключением франшизы « Ван Пис ».",Япония,2016,"Аниме, Драма, Спортивный",https://myshows.me/view/50633/,https://media.myshows.me/shows/760/f/93/f934b5fa9ce98f475b3df596a0011efe.jpg
И просто так…,"Продолжение сериала Секс в большом городе . Кэрри Брэдшоу и ее верные подруги Шарлотта и Миранда делятся радостями и трудностями жизни современных городских женщин предпенсионного возраста. Как оказалось, работать, любить, дружить и искать свое место в жизни в 50 лет гораздо сложнее, чем в 30.",США,2021,"Комедия, Драма, Романтика",https://myshows.me/view/73511/,https://media.myshows.me/shows/760/c/83/c8342164c5da0333781b14c3bb465ca1.jpg
Быть человеком,"Ремейк одноименного британского сериала . Вампир Эйден и оборотень Джош переезжают в новый дом, чтобы попытаться жить нормальной жизнью. Но они не подозревают, что у них появится еще один сверхъестественный сосед — призрак по имени Салли.",США,2011,"Драма, Ужасы, Романтика",https://myshows.me/view/12342/,https://media.myshows.me/shows/760/7/af/7af81085bb5c523c983a90415d2e90be.jpg
Крутой учитель Онидзука,"Однажды утром в небольшой сельский городок Хоробонай, что находится на острове Хоккайдо, на мотоцикле въезжает новый нештатный учитель Онидзука. Руководство местной средней школы сразу же назначает его классным руководителем в самом проблемном классе. Используя свой богатый жизненный опыт и нетрадиционные методы преподавания, Онидзука завоевывает доверие ребят, становится для них героем и. головной болью для руководства школы. «GTO» рассказывает историю Эйкити Онидзуки, бывшего байкера и бродяги, мечтавшего стать Великим школьным учителем. Имея за плечами уникальный опыт, прошедший школу уличных драк, он никогда не отмахивался от проблем своих учеников, обучая их не только грамоте, но и человеческому общению.",Япония,1999,"Аниме, Комедия, Драма",https://myshows.me/view/735/,https://media.myshows.me/shows/760/e/19/e195895e45935651d56eec7a8b30b1c0.jpg
Скорпион,"Сюжет основан на реальных событиях. Это история об эксцентричном гении и его группе вундеркиндов. Они являются аналитическим центром, работающим на службу национальной безопасности, и их задача  разбираться со сложными угрозами современности.",США,2014,"Драма, Триллер, Боевик",https://myshows.me/view/37805/,https://media.myshows.me/shows/760/e/25/e25c38c443ab33bb6e65830f1ef84851.jpg
Грешники,"Фредди и Стюарт  пара пожилых геев, которые живут вместе не первый десяток лет, постоянно препираясь друг с другом. Их размеренная жизнь переворачивается с ног на голову, когда в квартиру сверху заселяется молодой парень Эш.",Великобритания,2013,Комедия,https://myshows.me/view/31473/,https://media.myshows.me/shows/760/a/7f/a7f4efb51de3885b72c7215865d6ce1c.jpg
Основание,Экранизация одноименной серии книг Айзека Азимова. Кучку изгнанников отправляют в грандиозное путешествие ради спасения человечества и восстановления цивилизации после грядущего падения Галактической Империи.,США,2021,"Драма, Фантастика",https://myshows.me/view/67687/,https://media.myshows.me/shows/760/3/30/330aa2e529758e82be7b7f32f0a89249.jpg
Мистер Бин,"Мистер Бин  личность выдающаяся по количеству глупейших ситуаций, в которых он оказывается, и по оригинальности методов, с помощью которых он из этих ситуаций выкручивается. Идет ли он в библиотеку, сдает ли экзамены, собирается ли пообедать или прыгнуть с вышки в бассейне, заезжает ли он на автостоянку или раздевается на пляже  редко кто сделает это так смешно и остроумно, как мистер Бин.",Великобритания,1990,"Комедия, Семейный",https://myshows.me/view/587/,https://media.myshows.me/shows/760/1/6f/16ff29c352188324dc0dfaba2dc386fb.jpg
Деффчонки,"Героини «Деффчонок»  четыре подруги: мечтательная неудачница Маша, ее 16-летняя сестра Василиса, очкастый офисный планктон Катя и профессиональная блондинка Леля. Каждая хочет от жизни своего: успешной карьеры, правильного замужества, вселенской популярностиСпособов стать счастливой миллион! Одна беда  в жизни все гораздо сложнее, чем в мечтах. Если ты попала на прослушивание к крутому продюсеру, это еще не значит, что тебя сделают звездой. Если заклеила депутата с Рублевки  далеко не факт, что он не слиняет от тебя в Лондон. Бурные ночи с поп-идолом еще не дают гарантии, что он захочет на тебе жениться. А когда ты влюбляешься в начальника, будь готова к тому, что он начнет играть твоими чувствами ради бизнеса. Сложность еще и в том, что подруги снимают одну на всех квартиру. Ведь все они приехали из Саратова, и родственников в столице у них нет. Жить вчетвером в одном шалаше  вот настоящая беда, в которой познаются друзья. Или это счастье, а не беда вовсе? Ответ на этот и еще 999 вопросов предстоит найти нашим героиням.",Россия,2012,Комедия,https://myshows.me/view/24740/,https://media.myshows.me/shows/760/2/45/2459caf4e93c0fbd0f5aa0a25910b5f4.jpg
Квантовый скачок,"1995 год. Разработав теорию о том, что человек может путешествовать во времени в пределах продолжительности собственной жизни, доктор Сэм Беккет на базе в пустынях Нью-Мехико возглавил сверхсекретный проект, названный «Квантовый Скачок». Оказавшись перед необходимостью подтвердить свою теорию или потерять финансирование, доктор Беккет шагнул в квантовый ускоритель и исчез. Проснувшись, он понимает, что попал в западню прошлого. Доктор Беккет принимает облики других людей, пытаясь исправить то, что когда-то было сделано не так. Единственной связью с реальным временем остается Эл — адмирал Альберт Калавичи, друг Сэма, работавший вместе с ним над проектом. В прошлом он появляется в виде голограммы, которую может видеть и слышать только доктор Беккет, животные, маленькие дети и сумасшедшие. Так начинается путешествие Сэмюэла Беккета во времени. Он проживает множество чужих жизней, пытаясь исправить ошибки прошлого. И всякий раз надеется, что следующий квантовый скачок вернет его обратно домой. Продолжение сериала − ‎Квантовый скачок .",США,1989,"Боевик, Драма, Фантастика",https://myshows.me/view/60/,https://media.myshows.me/shows/760/2/99/299d2d277e1e3e558b246240c30db723.jpg
Девчонки,"Комедия рассказывает о нескольких девушках двадцатилетнего возраста, которым приходится испытывать унижения и лишь изредка знавать вкус победы.",США,2012,"Романтика, Драма",https://myshows.me/view/23144/,https://media.myshows.me/shows/760/1/57/15741b2e9f87430a6311b6077b4c3108.jpg
Невероятное,"История девушки-подростка Мари, чьи заявления о том, что она была изнасилована, признаны ложными. Две женщины-детектива берутся расследовать это дело, подозревая, что речь может идти о серийном насильнике.   Основа сериала — статья «An Unbelievable Story of Rape» авторов Т. Кристиана Миллера и Кена Армстронга и эпизод «Anatomy of Doubt» еженедельной радиопрограммы «This American Life».",США,2019,"Криминал, Драма, Триллер",https://myshows.me/view/62847/,https://media.myshows.me/shows/760/f/7e/f7e21b33e06ae0badd89e398eebccef8.jpg
Ты — воплощение порока,"История о том, как два совершенно порочных человека влюбляются и пытаются совершить невозможное — построить отношения.",США,2014,"Комедия, Драма, Романтика",https://myshows.me/view/37476/,https://media.myshows.me/shows/760/2/73/273e2e738385efcf8ba60bd9510a317e.jpg
Бриклберри,"Мультсериал о группе лесников-раздолбаев, столкнувшихся с закрытием национального парка. На помощь рейнджерам приходит новенький, чья цель  преобразить и сохранить заповедник.",США,2012,Комедия,https://myshows.me/view/25537/,https://media.myshows.me/shows/760/8/e1/8e1151f50491ea8fb3380760b309161e.jpg
Гоблин,"Токкэби мечтает избавиться от своего бессмертия и обрести покой. Его мучают воспоминания о первой человеческой жизни тысячу лет назад, о несчастливой судьбе: долг, верность, сражения, власть, предательство, реки крови, смерть родных людей, его смерть от собственного меча и проклятие, положившее начало бесконечному одиночеству во времени и пространстве. Чтобы снять проклятие, токкэби нужна невеста из простых смертных, девушка с особенным даром. Он в вечном поиске и разочаровании.
Жнец смерти — пунктуальный трудоголик, одержимый незавершенной миссией найти потерявшуюся много лет назад душу, а, если быть точнее, человека не пожелавшего умирать.
По воле случая две мощные силы, токкэби и жнец, оказываются под одной крышей, теперь они соседи, которые не переваривают друг друга. Когда выясняется, что предмет их поиска — одна и та же девушка, события принимают еще более непредсказуемый оборот.",Южная Корея,2016,"Драма, Фэнтези, Романтика",https://myshows.me/view/51276/,https://media.myshows.me/shows/760/a/da/adae3cdaa6f3d9295d4bc959ec518a52.jpg
Тёмная материя,"Группа из шести незнакомцев просыпается в стазисных капсулах на борту звездолета Раза. У каждого — амнезия, никто не помнит, кто они такие и как жили до пробуждения. Поэтому для удобства герои «Тёмной материи» начинают называть друг друга в том порядке, что проснулись — Первый, Второй и так далее. Они стабилизируют корабль и приступают к попыткам раскрыть тайны своих личностей и того, что с ними случилось. Подробности сериала «Тёмная материя» Научно-фантастический сериал был основан на комиксе «Тёмная материя» Джозефа Малоззи и Пола Малли. Космоопера «Тёмная материя» получила хорошие рецензии: на сайте-агрегаторе Rotten Tomatoes у сериала 89% свежести от критиков и 90% — от зрителей.",Канада,2015,"Боевик, Приключения, Фантастика",https://myshows.me/view/42772/,https://media.myshows.me/shows/760/c/2a/c2acf5cea386de058e00bbe761d19ded.jpg
Части тела,"Шон МакНамара и Кристиан Трой  два талантливых пластических хирурга, которые делают красивых женщин безупречными в собственной частной клинике, расположенной в Майами. Операции стоят невероятно дорого, и клиентки бывают готовы на всё, чтобы задержать ускользающую красоту или её приумножить. Шон и Кристиан не только партнёры в одном бизнесе, но и друзья. Однако между ними часто возникают разногласия из-за разного отношения к жизни, к своему делу и к женщинам. Шон, более серьезный, старается полностью погрузиться в работу, чтобы отвлечься от проблем с женой и сыном-тинэйджером. Клятва Гиппократа не пустые слова для Шона, он работает самоотверженно, даже готов делать бесплатные операции жертвам пожаров и действительно нуждающимся. Эти благородные порывы Шона не находят отклика в сердце Кристиана, работающего исключительно ради денег и возможности завести интрижку с очередной пациенткой. Доллары, дамы и вино  вот что нужно Кристиану, и он пойдёт на всё, чтобы заполучить желаемое: на ложь, на обман, на измену, на шантаж и даже на убийство! Судьба готовит двум друзьям множество сюрпризов, встреч, неожиданных поворотов и открытий! Из-за забастовки сценаристов, съёмки второй части 5 сезона были отложены, а позднее возобновлены — премьера новых серий состоялась на другом канале. Из-за этой неразберихи многие авторитетные ресурсы указывают 7 сезонов в сериале, хотя на самом деле в шоу 6 сезонов, где пятый сезон состоит из двух частей. Неточности прекратились, когда сериал вышел полностью на лицензионном DVD, где 5 сезон состоял из двух бокс-сетов, а на обложке шестого сезона было заявлено The Sixth & Final Season — Шестой и последний сезон",США,2003,"Драма, Медицинский",https://myshows.me/view/312/,https://media.myshows.me/shows/760/2/dc/2dcaa9e3360be19d279e285c9623d15c.jpg
Поколение «Ви»,"Спин-офф сериала ‎Пацаны . Сериал рассказывает о специальном колледже компании Vought, в котором обучаются молодые супергерои. Ученики из кожи вон лезут, доводя до предела свои физические и моральные силы, в надежде попасть на вершину рейтинга школы. Но, когда всплывают темные тайны колледжа, студентам приходится решить, какими героями они хотят стать.",США,2023,"Боевик, Фантастика",https://myshows.me/view/79726/,https://media.myshows.me/shows/760/7/5b/75b4c14f08149ed5875a580a8abbedd1.jpg
Фальсификация,"Карма и Эми  лучшие подруги, которые помешаны на становлении своей популярности. Когда их по ошибке признают лесбиянками на вечеринке, девушки тут же становятся популярными в своей школе. Подруги решают притвориться парой, даже не смотря на что им обеим нравятся парни.",США,2014,"Комедия, Романтика",https://myshows.me/view/35564/,https://media.myshows.me/shows/760/8/9b/89be90cb17e8ff8a9577018d7779d790.jpg
Мир! Дружба! Жвачка!,"1993 год. 14-летний Санька Рябинин живет обычной подростковой жизнью — ищет приключений, пытается защититься от районных хулиганов, не хочет ходить в музыкалку, не знает, как общаться с девчонками и с кого из взрослых брать пример.   С одной стороны — честная, но бедная семья с мамой-продавщицей и папой-доцентом, с другой — опасный мир афганского ветерана дяди Алика. А тут еще и девочка Женя, знакомство с которой запускает череду необратимых событий, которые навсегда изменят жизнь Саньки, его семьи и друзей Вовки и Илюши.",Россия,2020,"Комедия, Драма",https://myshows.me/view/66461/,https://media.myshows.me/shows/760/5/2d/52dfb8d9078db260cd96f3a923461931.jpg
Чикатило,"Он убивал и оставался безнаказанным более десяти лет, от его руки погибло более пятидесяти человек. Вместо него был осужден и расстрелян невиновный человек. Долгое время совершенные им убийства не могли объединить в одно дело. Маньяков такого калибра просто не существовало в СССР, поэтому органы правопорядка оказались не готовы к борьбе с «Бешеным зверем», как позднее окрестили его журналисты. Для поимки Чикатило были задействованы дружинники, сотрудники милиции, следователи прокуратуры, психиатры, а также разработаны новые методики расследования, которые помогут спасти невинных людей. 
В итоге попытки вычислить и поймать «Бешеного зверя» растянулись на годы и превратились в полное неожиданных и драматических поворотов противостояние между обществом и паразитирующим внутри него кровавым маньяком.
Об этом долгом, сложном, трагическом противостоянии и расскажет сериал «Чикатило».",Россия,2021,"Драма, Детектив",https://myshows.me/view/69223/,https://media.myshows.me/shows/760/c/a9/ca9de6ebbe4e958ecbfda3a2540591fd.jpg
Звездные войны: Войны клонов,"Великая Армия Республики, ведомая Йодой, Мейсом Винду, Оби-Ваном Кеноби и другими рыцарями-джедаями, сражается против Новой Армии Дроидов сепаратистов.",США,2008,"Приключения, Боевик, Фантастика",https://myshows.me/view/11/,https://media.myshows.me/shows/760/2/47/24781e13ea3799ffe9c4643769b6576a.jpg
Утопия,"«Эксперименты Утопии» — легендарный графический роман, окутанный тайной.   Жизни пяти малознакомых людей, в руки которых попала рукопись, оказываются под угрозой. Когда по твоему следу идет безжалостная секретная организация известная как «Сеть», есть только один способ выжить — бегство.",Великобритания,2013,"Драма, Фантастика, Триллер",https://myshows.me/view/29607/,https://media.myshows.me/shows/760/d/8b/d8bc60344062bdba4991452a9574ae47.jpg
24 часа,"В сутках 24 часа, но для Джека Бауэра  шефа элитного антитеррористического подразделения ЦРУ  этого времени явно недостаточно. Ибо за одни сутки он должен успеть сделать практически невозможное: предотвратить убийство кандидата в президенты Дэвида Палмера, вычислить предателя-информатора в своем отделе и отыскать похищенную дочь-подростка. Последнее обстоятельство грозит крахом и без того шаткого семейного счастья. Что готовят ему следующие 24 часа?",США,2001,"Драма, Триллер, Боевик",https://myshows.me/view/4/,https://media.myshows.me/shows/760/6/65/66557ba13c7a50f1bf9c57d513729fd5.jpg
Гудини,"Великий иллюзионист вовлечён в международный шпионаж, он объявляет войну спиритуалистам-мошенникам и знакомится с величайшими людьми своей эпохи — от представителей верхушки американской власти до Артура Конана Дойла и Григория Распутина. Эта история засвидетельствует жизнь человека, который смог бросить вызов смерти благодаря своим трюкам, видению и мастерству иллюзии. Lostfilm иногда разделяет эпизоды, поэтому у них 3 серии. У нас же их лишь 2, но будьте внимательны, длительность суммарная верна.",США,2014,Драма,https://myshows.me/view/36524/,https://media.myshows.me/shows/760/7/20/7208dca660636a2b9024ebad6a3c4950.jpg
Декстер: Новая кровь,"«Декстер: новая кровь» — продолжение кровавых приключений знаменитого персонажа Майкла Си Холла. Теперь Декстер Морган живет под вымышленным именем в северной части штата Нью-Йорк. Он пытается забыть свое темное прошлое, но в городе происходит ряд загадочных похищений и убийств. Эти мрачные события заставляют Декстера снова вернуться к своему невеселому ремеслу.",США,2021,"Криминал, Драма, Детектив",https://myshows.me/view/76299/,https://media.myshows.me/shows/760/3/38/338c7f27350b5049bd7dbf5790292de5.jpg
Последнее королевство,"Экранизация одноименной серии книг Бернарда Корнуэлла. Сюжет рассказывает о временах правления короля Уэссекса Альфреда Великого, сумевшего отвоевать английские земли у датских викингов  заморских захватчиков. Главным героем повествования выступает ещё в младенчестве похищенный данами Утред  потомок благородного саксонского рода. Воспитанный как викинг, в очень непростой момент жизненного выбора молодой воин должен будет решить для себя, чью сторону он примет в решающих сражениях за судьбу древней Британии.",США,2015,"Боевик, Драма, Исторический",https://myshows.me/view/44076/,https://media.myshows.me/shows/760/1/f7/1f787afdf2465eb18302a31d5eab3174.jpg
Счастливы вместе,"Обычная жизнь нормальной семьи из провинции: муж, жена, 2 детей, 1 собака и соседи. Жена Даша — домохозяйка, обожает смотреть сериалы и ходить по магазинам. Муж Гена — менеджер обувного магазина, любит торчать в гараже и смотреть футбол с друзьями. Дочь Света — ученица старших классов, меняет парней каждую неделю. Сын Рома — целыми днями играет в компьютер и строит козни сестре. Букины ссорятся хотя бы раз в день — так они развлекаются. Они уже 16 лет вместе и по-прежнему любят друг друга. Это самая счастливая семья на свете.
Продолжение сериала — ‎Букины",Россия,2006,Комедия,https://myshows.me/view/16400/,https://media.myshows.me/shows/760/a/7e/a7e1b1dcb0c85ea76e210086ab1fb6f1.jpg
Блудный сын,"Главный герой — страдающий неврозами психолог-криминалист Малкольм Брайт, который блестяще разбирается в образе мыслей маньяков, потому что приходится сыном знаменитому серийному убийце Хирургу. Малкольм помогает нью-йоркской полиции раскрывать преступления и вынужден периодически консультироваться с родителем-душегубом, стремящимся помириться с сыном и убедить его, что у них на самом деле довольно много общего.",США,2019,"Криминал, Драма",https://myshows.me/view/62477/,https://media.myshows.me/shows/760/a/8d/a8d9da5a7522f092cbb6a697d2dff6b2.jpg
Мастера секса,"Сериал о пионерах науки о человеческой сексуальности, чьи исследования привели к сексуальной революции.",США,2013,"Драма, Романтика, Исторический",https://myshows.me/view/29908/,https://media.myshows.me/shows/760/1/03/10372791b5e6fcbbba0d2b6811073e51.jpg
Наследники,"История о группе привилегированных школьников, детях мировой элиты. Они растут, зная, что в будущем встанут во главе родительского бизнеса. И жизнь течет по намеченному руслу. Лишь одно вне власти и самих будущих бизнесменов, и даже их всемогущих родителей  любовь.",Южная Корея,2013,"Комедия, Драма, Романтика",https://myshows.me/view/32448/,https://media.myshows.me/shows/760/b/5e/b5e80dc9f47582849d394825866a69ef.jpg
Герои: Возрождение,"Действие «Героев: Возрождение» разворачивается спустя год после теракта на саммите героев в Одессе, штат Техас. Правительство обвиняет в инциденте тех, кто обладает экстраординарными способностями. Теперь суперлюди вынуждены скрываться от государства и некоторых других героев, которые охотятся на своих же и убивают из мести. К ним относятся Люк и Джоанна Коллинз, потерявшие сына при взрыве. Подробности сериала «Герои: Возрождение» «Герои: Возрождение» — сиквел сериала NBC « Герои ». Тим Кринг, создатель оригинального сезона, выступил в качестве исполнительного продюсера шоу. Перед премьерой проекта создатели выпустили шестисерийный веб-сериал под названием Dark Matters , в котором представили новых персонажей и сюжетные линии «Героев: Возрождение».",США,2015,"Боевик, Драма, Фантастика",https://myshows.me/view/36409/,https://media.myshows.me/shows/760/5/33/533a903d2c1d534e88f90547bd1b9a13.jpg
Торадора!,"Семнадцатилетний парень Рюдзи, которого все боятся из-за страшного взгляда влюбляется в свою одноклассницу Минори, а его соседка Тайга влюбляется в Китамару. Они решают объединить свои усилия, но может быть они просто не в тех влюбились?",Япония,2008,"Аниме, Драма, Романтика, Комедия",https://myshows.me/view/849/,https://media.myshows.me/shows/760/d/c3/dc3a9ed192781e5d6ae67508c0729dc5.jpg
Переполненная комната,"Манхэттен, лето 1979 года. Молодого человека арестовывают за шокирующее преступление, поэтому необычная следовательница должна разгадать тайну, стоящую за ним.",США,2023,"Драма, Триллер",https://myshows.me/view/73608/,https://media.myshows.me/shows/760/f/94/f94695718799f5f8f79566edc792e658.jpg
Гуррен-Лаганн,"Сотни лет люди живут в глубоких пещерах, в постоянном страхе перед землетрясениями и обвалами. В одной из таких подземных деревень живет мальчик Симон и его «духовный наставник»  молодой парень Камина. Камина верит, что наверху есть другой мир, без стен и потолков; его мечта  попасть туда.Но мечты остаются пустыми фантазиями, пока в один прекрасный день Симон случайно не находит сверло, оказавшееся ключом от странного железного лица в толще земли. В этот же день потолок пещеры рушится Так начинается поистине эпическое приключение Симона, Камины и их компаньонов в новом мире под открытым небом огромной Вселенной.",Япония,2007,"Аниме, Боевик, Приключения, Фэнтези",https://myshows.me/view/730/,https://media.myshows.me/shows/760/d/ee/dee83cbb97b6ea1d8ec47e70b0713a7b.jpg
Рэй Донован,"Рэй Донован решает любые проблемы богатых и знаменитых людей Лос-Анджелеса, но при этом не может разобраться со своей собственной семьей",США,2013,"Боевик, Криминал, Драма",https://myshows.me/view/29899/,https://media.myshows.me/shows/760/8/a6/8a6803b16a901796332391c881f133f4.jpg
Музыкальный блог Доктора Ужасного,"История о суперзлодее-неудачнике Докторе Ужасном, который постоянно попадает под раздачу супергероя Капитана Молота, а также нежно и тайно влюблен в девушку из прачечной, Пэнни.",США,2008,"Комедия, Фантастика, Музыкальный",https://myshows.me/view/10936/,https://media.myshows.me/shows/760/3/29/32977b3cdc3aaaab6394823c4f0c89af.jpg
Нормальные люди,"Старшеклассник Коннел — один из самых популярных парней в школе, звезда местной футбольной команды, Марианна — тихая и застенчивая ученица.   Подростки из разных социальных групп неожиданно друг для друга сходятся, но из-за ошибки, совершенной Коннелом накануне выпускного, их ждет тяжелый разрыв.   Позднее судьба преподносит им еще один шанс, а затем еще один — смогут ли они быть счастливы вместе?",Великобритания,2020,"Драма, Романтика",https://myshows.me/view/66230/,https://media.myshows.me/shows/760/c/04/c042606ef2277992e241c19ace4d087b.jpg
Игра на выживание,"Чем может обернуться обычное телевизионное реалити-шоу для его участников?   16 человек отправляются в дикую сибирскую тайгу, чтобы побороться за один миллион евро. Правила просты: никакой еды, личных вещей, электричества, связи и цивилизации на сотни километров вокруг. Победит тот, кто дойдет до конца. Но ТВ проект превращается в смертельно опасную игру, где главным призом становится ЖИЗНЬ…   Что это? Больная фантазия телевизионщиков и сценарий? Кто за этим стоит? И кто из героев сможет выжить, не потеряв свою человечность?",Россия,2020,"Приключения, Драма, Триллер",https://myshows.me/view/68580/,https://media.myshows.me/shows/760/e/01/e011767ad5b1609f6b143855c7182a0f.jpg
Неуклюжая,"Школьница Дженна Гамильтон очень хотела привлечь к себе внимание. Её желание исполняется, когда из-за неуклюжего инцидента в ванной вся школа считает, что она пыталась покончить с собой. Теперь наравне с ненужной репутацией суицидальной школьницы, ей приходится справляться с каждодневными проблемами, сопутствующими жизни подростка.",США,2011,"Драма, Комедия, Романтика",https://myshows.me/view/18232/,https://media.myshows.me/shows/760/3/65/365507850be653d71aba7e54572757b5.jpg
Женщина-Халк: Адвокат,"Дженнифер Уолтерс — адвокат, специализирующийся на делах, связанных со сверхлюдьми. Когда она оказывается смертельно ранена, ее двоюродный брат Брюс Беннер переливает ей свою кровь и тоже превращает ее в Халка. Но Дженнифер, в отличие от своего брата, может контролировать свою вторую сущность.",США,2022,"Комедия, Фантастика",https://myshows.me/view/69447/,https://media.myshows.me/shows/760/c/b6/cb662ee97008494f6e0d0ca695fc71f9.jpg
This is Хорошо,None,Латвия,2010,Комедия,https://myshows.me/view/19000/,https://media.myshows.me/shows/760/d/84/d8484edd60c91eff57b9fc273b41c649.jpg
Топ Гир,"Джереми, Ричард и Джеймс с неподражаемым юмором рассказывают о самых значимых и интересных новинках автомобильного мира.",Великобритания,2002,None,https://myshows.me/view/282/,https://media.myshows.me/shows/760/1/21/121fe17398eb04a6dbe03a859d541d63.jpg
Иная,"26 лет назад в третьем классе средней школы учился отличник и спортсмен Мисаки Ёмияма, в котором все окружающие просто души не чаяли. Поэтому, когда парень внезапно скончался, одноклассники договорились делать вид, что он всё ещё с ними, так и доучились до самого выпуска. Весной 1998 года в тот самый класс попадает новенький  Коичи Сакакибара. Вскоре он начинает замечать атмосферу страха, царящую в классной комнате. В частности, нагнетанию её способствует тихая красавица Мисаки Мей, которая ходит с повязкой на глазу, вечно тихонько сидит в углу и что-то рисует.",Япония,2012,"Аниме, Драма, Детектив",https://myshows.me/view/22674/,https://media.myshows.me/shows/760/6/16/6165e121db4763364098b8bf3d79bb9b.jpg
Йеллоустоун,"Йеллоустон — первый в мире национальный парк, одно из самих посещаемых мест в США. Но здесь, на границе цивилизации, происходит много такого, чего не видят туристы, что не освещается средствами массовой информации. Семья Даттон, главой которой является Джон Даттон, владеет огромным ранчо, сопредельным с территорией парка. На их землю претендует и сам парк, и индейская резервация, и жадные застройщики. Приквелы сериала − 1883 и 1923 .",США,2018,"Драма, Семейный, Вестерн",https://myshows.me/view/56324/,https://media.myshows.me/shows/760/1/a1/1a18014ea37e4f856423088a42ecb5fc.jpg
Воспитанные волками,"Сюжет расскажет о двух андроидах, отце и матери, которым поручено воспитывать человеческих детей на таинственной девственной планете. По мере того, как растущую колонию людей всё сильнее раздирают религиозные различия её обитателей, андроиды узнают, что им предстоит выполнить коварную и сложную задачу — контролировать человеческую веру.",США,2020,"Драма, Фантастика",https://myshows.me/view/68436/,https://media.myshows.me/shows/760/2/d0/2d0773b4ea679bffe10342ff237c7e6a.jpg
Внутри Лапенко,"Юмористический сериал, отличительной чертой которого является то, что всех персонажей играет один человек — Антон Лапенко.   Основная часть диалогов — импровизация. За основу сюжета взяты жизнь и приключения персонажей из Instagram Антона.   Сериал выполнен в стилистике советского кино и не имеет четкой временной привязки — это некая Вселенная, в которой переплетаются 80-е и 90-е годы XX века.",Россия,2019,"Комедия, Драма",https://myshows.me/view/64689/,https://media.myshows.me/shows/760/a/32/a3282eacd7d3719ff05f333794461813.jpg
Великий из бродячих псов,"Ацуси Накадзиму размашистым пинком выставили из сиротского приюта. В порыве безудержного гнева вперемешку с горькой обидой он решил, что единственный способ выжить  грабеж средь бела дня. На счастье возле реки, где пару минут назад Ацуси готов был покончить с собой, пролегала дорога. Осталось только затаиться и ждать. Плюх. Что это? Чьи-то ноги торчат из воды. Бульк. Режим «спасатель» активирован! И вот, мгновенно позабыв о грабеже уставших путников и караванов, Ацуси бросается в реку на выручку незадачливому «поплавку». Которым оказывается молодой человек, недовольный тем, что его причудливую попытку самоубийства сорвали. Позже озадаченный Ацуси узнает, что имя несостоявшегося утопленника  Осаму Дадзай, и что он работает в специальном Вооруженном детективном агентстве, штатные сыщики которого обладают сверхъестественными способностями. Когда полиция и военные бессильны  обращаются к ним. В этот раз Осаму и его напарнику предстоит охота на опасного зверя, терроризирующего округу. И как-то так получилось, что именно этот зверь стал причиной изгнания Ацуси.",Япония,2016,"Боевик, Аниме, Криминал, Сверхъестественное",https://myshows.me/view/48588/,https://media.myshows.me/shows/760/3/78/37887a7b26698d8f1f3f5723f7896d96.jpg
Люди Альфа,"Эксперт минобороны Ли Розен, специализируется на необычных явлениях, и он лидер команды из пяти человек с мозговыми аномалиями. По отдельности члены группы мало отличаются от обычных людей, но вместе способны демонстрировать чудеса умственной и физической деятельности.",США,2011,"Драма, Сверхъестественное, Фантастика",https://myshows.me/view/16542/,https://media.myshows.me/shows/760/2/84/284e13cd5c6eff857524a0166576abb6.jpg
Пацанки,"Телеканал Пятница! открывает школу для настоящих леди. В течение нескольких месяцев на глазах зрителей будет происходить смелый социальный эксперимент. Молодые девушки из провинции, чьи жизни на бешеной скорости катятся в пропасть, изо всех сил постараются изменить свою судьбу. Первое реалити про напряженную работу над собой начинается прямо сейчас.",Россия,2016,None,https://myshows.me/view/50647/,https://media.myshows.me/shows/760/4/0d/40d0404e3137fceb331659eac16c2f07.jpg
Сатана на подработке!,"В одной далекой галактике местный Князь Тьмы потерпел сокрушительное поражение. Когда все было кончено, и лучшие бойцы человечества, возглавляемые героем Эмилией, ворвались в его замок, темный повелитель, собрав остатки сил, открыл магический портал, куда и прыгнул вместе с генералом Алсиэлем. Астральная буря забросила двух могучих демонов в наш мир, где они, немного осмотревшись, с ужасом поняли, что потеряли почти всю магию, телесно превратились в обычных человеческих парней, языка не знают, а жизнь в Токио совсем не дешевая!

Альтернативное название: «Работящий Лорд-Демон!»",Япония,2013,"Боевик, Аниме, Комедия, Фэнтези",https://myshows.me/view/31320/,https://media.myshows.me/shows/760/a/d3/ad3511e9d3847f11389e209809eeb739.jpg
Я никогда не...,"В центре сюжета тяжелая жизнь Деви, американской школьницы индийского происхождения. Она хочет стать популярной, но ее друзья, семья и чувства только усложняют эту задачу.",США,2020,"Комедия, Драма, Романтика",https://myshows.me/view/66076/,https://media.myshows.me/shows/760/3/dc/3dc4228a4732bab1d7750aac4e530884.jpg
Хранители,"1921 год, город Талса в штате Оклахома. Расистские формирования устраивают настоящую бойню в преуспевающем черном квартале. Мальчику Уиллу удалось сбежать, но его родителей постигла печальная судьба.   2019 год. После падения в середине 1980-х гигантского осьминога на Нью-Йорк до сих пор наблюдаются повсеместные кратковременные дожди из маленьких головоногих, Штатами уже 27 лет руководит Роберт Редфорд, а доктор Манхэттен отправился на Марс. Три года назад в Талсе произошла новая резня — хорошо осведомленные неизвестные в масках Роршаха убили почти всех полицейских города и членов их семей, после чего полиция скрывает свои лица за повязками, преимущественно желтыми. Теперь, когда произошло новое убийство чернокожего патрульного, детектив Анджела Абар понимает, что все это время не дававшая о себе знать расистская организация «Седьмая кавалерия» снова активизировалась.",США,2019,"Боевик, Драма, Фантастика",https://myshows.me/view/56231/,https://media.myshows.me/shows/760/e/35/e3557125c05fccaec5a2410fbea8d19b.jpg
Кабинет редкостей Гильермо дель Торо,"Причудливые кошмары разворачиваются в этой зрелищной коллекции из восьми леденящих кровь историй, подобранных Гильермо дель Торо.",США,2022,"Фэнтези, Ужасы, Сверхъестественное",https://myshows.me/view/75442/,https://media.myshows.me/shows/760/8/ca/8ca1c9d2d0f687a7b346d23db96ad5af.jpg
Крайний космос,"Гэри Гадспид — лихой, но при этом неудачливый астронавт. Он отсиживает последние деньки своего пятилетнего срока в космической тюрьме «Галактика Один», где обнаруживает загадочного инопланетянина, способного уничтожать планеты. Гэри заводит дружбу с новым знакомым и даёт ему имя Лунный тортик. Благодаря Лунному тортику Гэри узнаёт, что вселенной угрожает могущественное существо, которое называет себя Лордом командующим. Герои решают спасти вселенную и отправляются в путешествие навстречу крайнему космосу Подробности сериала «Крайний космос» Шоу — авторский проект Олана Роджерса, комика и аниматора, который стал известным благодаря своему YouTube-каналу, где и появился прототип «Крайнего космоса». Роджерс сам озвучил главных героев, голоса другим персонажам «Крайнего космоса» подарили Джон Ди Маджио (Бендер из « Футурамы ») и Томас Кенни Джеймс (главная роль в « Губка Боб квадратные штаны »).",США,2018,"Комедия, Приключения, Фантастика",https://myshows.me/view/55849/,https://media.myshows.me/shows/760/e/48/e48d572f100184f6e4368d880abf079c.jpg
Мы все мертвы,Экранизация одноименного комикса. В школе начинает распространяться эпидемия зомби-вируса. Оказавшиеся в ловушке старшеклассники вынуждены с боем прорываться наружу — иначе они пополнят ряды монстров.,Южная Корея,2022,"Драма, Ужасы",https://myshows.me/view/75268/,https://media.myshows.me/shows/760/5/d2/5d209c396a508f47646f03aeef45963f.jpg
Звёздный крейсер Галактика,"Чудом уцелев после нападения Сайлонов на колонии Кобола, гражданский колониальный флот в сопровождении Звёздного крейсера Галактика летит прочь от мест, где их могут найти вражеские силы. Восстановив гражданское правительство и собрав все имеющиеся силы, остатки человечества начинают неравную борьбу со временем, обстоятельствами и Сайлонами. Разбираясь с всё новыми внешними и внутренними проблемами, постепенно раскрывая личности 12 человекоподобных моделей Сайлонов, они летят на поиски давно потерянной 13 колонии Кобола, упоминания о которой есть в древних сказаниях, нового дома, имя которому  Земля.",США,2003,"Драма, Военный, Фантастика",https://myshows.me/view/185/,https://media.myshows.me/shows/760/a/f3/af3247aa3909eb37abcaaca84d19a3a2.jpg
ИванОвы – ИвАновы,"Две семьи разного достатка узнают о том, что в роддоме у каждой них случайно перепутали детей. Спустя 16 лет взрослые решают восстановить историческую справедливость. Теперь Ваня вынужден учиться выживать в доме у своих бедных биологических родителей, а Данила — знакомиться с правилами поведения в светском обществе.",Россия,2017,"Комедия, Семейный",https://myshows.me/view/54771/,https://media.myshows.me/shows/760/f/ed/fed7a06e60d94aaa9dd268acc9955419.jpg
Майк и Молли,"Офицер Майк Биггс  полицейский с добрым сердцем, который искренне желает сбросить вес. Напарник Майка, офицер Карл Макмиллан, худой и болтливый всезнайка, который, несмотря на поддразнивания, поддерживает Майка на его пути к стройности и любви.  Во время одного из собраний Майк встретил Молли Флинн, милую учительницу четвертого класса, которая относится к своим пышным формам со здоровым юмором. Сделать правильный выбор для Молли не всегда просто, потому что она живет со своей сексуальной старшей сестрой Викторией и матерью Джойс. Обе они выставляют напоказ свой здоровый аппетит и стройные фигуры. Майку также приходится сталкиваться с искушением в закусочной, которую он часто посещает с Карлом. Там они познакомились с сенегальским официантом Самюэлем, для которого диета  незнакомая концепция. Для Майка и Молли, благодаря их взаимной любви к пирогам и желанию сопротивляться им, знакомство друг с другом может быть ценнее «веса».",США,2010,"Комедия, Семейный",https://myshows.me/view/6266/,https://media.myshows.me/shows/760/b/f9/bf97656d4fd1033cca62b1da53a2ed01.jpg
Как продавать наркотики онлайн (быстро),"Главного героя «Как продавать наркотики онлайн (быстро)» — обычного немецкого старшеклассника-ботаника Морица — бросает девушка Лиза и уходит от него к спортсмену Дэну, продающему наркотики школьникам. Мориц решает вернуть Лизу любым способом и вместе с лучшим другом Ленни запускает онлайн-магазин наркотиков из своей спальни. Постепенно бизнес выходит из-под контроля, приобретая невиданные масштабы. У «Как продавать наркотики онлайн (быстро)» необычный формат: персонажи с помощью интервью напрямую общаются со зрителями, а также в шоу есть вставки, объясняющие, что такое даркнет и как действует МДМА. Подробности сериала «Как продавать наркотики онлайн (быстро)» Проект вдохновлен реальной историей, произошедшей в Лейпциге в 2015 году. Подросток по имени Максимильян, практически не выходя из своей спальни, продал почти тонну наркотиков и заработал около 4,5 млн евро за два года. Его поймали почти случайно — один из клиентов оставил посылку в коридоре. В итоге ее открыли соседи, которые вызвали полицию, и началось масштабное расследование. Максимильяна посадили на семь лет. Шоу «Как продавать наркотики онлайн (быстро)» стартовало очень успешно: пользовательский рейтинг первого сезона на сайте Rotten Tomatoes — 91%.",США,2019,"Комедия, Криминал, Драма",https://myshows.me/view/61381/,https://media.myshows.me/shows/760/d/12/d1243f94e8b5535c60feee94552f55ec.jpg
Обещанный Неверленд,"В приюте «Грейс Филд» под чутким контролем «матери» живут трое подростков  Эмма, Норман и Рэй. Окружённые младшими братьями и сёстрами они не знают бед и невзгод, но в одну ночь их идиллия оборачивается кошмаром. Они считали приют раем, но теперь, когда они знают правду, у них остаётся один выход: сбежать или умереть.",Япония,2019,"Аниме, Ужасы, Детектив, Фантастика",https://myshows.me/view/59720/,https://media.myshows.me/shows/760/9/ec/9ec6950618b497a3448e8061e3303cca.jpg
Мы обычные медведи,"Три брата-медведя Гризли, Панда и Белый отчаянно пытаются влиться в общество людей, однако покупая еду, борясь за интернет-славу или заводя друзей, им не всегда удаётся соответствовать людской природе. Но братья всегда готовы прийти друг другу на выручку.",США,2015,"Комедия, Семейный",https://myshows.me/view/43797/,https://media.myshows.me/shows/760/c/f2/cf245abc6d3ae7b2af0a325761ddad6a.jpg
Барри,"Барри Бёркман — скромный посетитель кружка театралов, которому трудно побороть застенчивость перед выходом на сцену. Тем удивительнее, что за плечами у него служба в морской пехоте и неудачная карьера наёмного убийцы. В театре Барри пытается найти себя и встречает девушку Салли, в которую влюбляется. Но как бы герой не хотел раствориться в своих новых увлечениях, грязное прошлое тянет его в преступный мир. Подробности сериала «Барри» «Барри» — почти авторский проект комика Билла Хейдера, который на протяжении многих лет работал на съемочных площадках в Голливуде. Хейдер не только сыграл главную роль, но также поработал продюсером, сценаристом и режиссером нескольких эпизодов. За оба первых сезона «Барри» получил номинации на «Эмми», а Билл Хейдер оба раза забрал награду за лучшую мужскую роль.",США,2018,"Комедия, Криминал, Драма",https://myshows.me/view/56172/,https://media.myshows.me/shows/760/e/80/e8098309a55ab0e8f03f86dc50767afd.jpg
Клон,"В семье Феррас происходит трагедия. Погибает любимый сын Леонидаса — Диогу, надежда и опора отца. Эту смерть очень тяжело переживает не один предприниматель, но и брат-близнец Диогу — Лукас, и его крестный — профессор Аугусту Албиери.   Доктор Албиери воспринимает смерть крестника, единственного человека на всем белом свете, который еще пробуждал в нем теплые чувства, как вызов. Он, занимавшийся в своей лаборатории клонированием эмбрионов рогатого скота, решает дать Диогу новую жизнь, сделав себя тем самым подобным Богу.   Ведь только Богу дано право давать и отбирать жизнь: кому, как не известному профессору, ярому защитнику врачебной этики, бывшему семинаристу, знать это… Уважаемые пользователи! Теперь с эпизодами всё хорошо. Слава тому, кто добавил их все на TVRage, да ещё и с датами.",Бразилия,2001,"Драма, Романтика, Фантастика",https://myshows.me/view/25615/,https://media.myshows.me/shows/760/1/28/12855edcd285846c26eef4e840b15e02.jpg
Неуязвимый,"Экранизация одноименной серии комиксов Роберта Киркмана. На первый взгляд, Марк Грэйсон — самый обычный подросток. Но на самом деле он — сын самого могущественного в мире супергероя Омни-мэна. В день своего 17-летия Марк обнаруживает, что у него тоже есть сверхспособности: он может летать, обладает огромной силой и абсолютно неуязвим. Юноше предстоит научиться управлять своими талантами, а также узнать, что на самом деле представляет собой жизнь супергероя.",США,2021,"Боевик, Драма, Фантастика",https://myshows.me/view/20576/,https://media.myshows.me/shows/760/4/05/4050849e1a37306ddf06e06f950d9e9c.jpg
Топ-модель по-американски,"Ведущая и организатор шоу супермодель Тайра Бэнкс и ее ассистенты, два веселых гея  мисс Джей и арт-директор и фотограф Джей Мануэль выбрали тридцать пять девушек, которые сели за парту начальной школы моделей в Лос-Анджелесе. На шоу уже было девять драк, восемь макияжей сквозь слезы, семь вызовов врача по причине нервного срыва, шесть неудачных падений на подиуме, общение с пятью толстушками, уверенными в неотразимости своих форм и четыре фотосессии в воздухе.",США,2003,None,https://myshows.me/view/1125/,https://media.myshows.me/shows/760/d/5e/d5e4c03978cfa956adeedd2206762734.jpg
Нет игры – нет жизни,"История фокусируется на Соре и Широ, брате и сестре, репутация которых как безупречных NEET, хикикомори и геймеров породила легенды по всему интернету. Эти два геймера рассматривают реальную жизнь как очередную «отстойную игру». Однажды парень, именуемый «Богом», призвал их в альтернативный мир. Там он запретил войны и заявил, что это мир, в котором «всё решают игры», даже национальные границы. Человечество было вытеснено другими расами в единственный оставшийся город. Станут ли ни на что не годные Сора и Широ «спасителями человечества» в этом альтернативном мире?",Япония,2014,"Аниме, Приключения",https://myshows.me/view/36876/,https://media.myshows.me/shows/760/7/ac/7acae728138b9055a930a7eeb4a61606.jpg
Вероника Марс,"Школьница Вероника Марс, унаследовав от отца недюжинные аналитические способности и решительность, занимается детективной работой в школе  выручает друзей, проучивает недругов. Отец Вероники потерял работу шерифа, от него ушла жена, он занялся частным розыском, Вероника во всем ему помогает",США,2004,"Драма, Детектив, Криминал",https://myshows.me/view/120/,https://media.myshows.me/shows/760/2/c2/2c228b47b9a877ccf655d327e482914e.jpg
Захваченный рейс,"Семичасовой рейс KA29, следующий из Дубая в Лондон, захватывают неизвестные люди. Сэм Нельсон, опытный корпоративный переговорщик, решает применить свои профессиональные навыки, чтобы спасти всех на борту.",США,2023,Триллер,https://myshows.me/view/78668/,https://media.myshows.me/shows/760/9/04/9049789c6cc388c8eb8be98e984f571c.jpg
Расскажи мне сказку,"«Расскажи мне историю» — это сериал-антология, где события классических сказок разворачиваются в реальном мире. Первый сезон вдохновлён жестоким европейским фольклором: «Тремя Поросятами», «Красной Шапочкой» и «Гензель и Гретель». Главные герои — простые нью-йоркские обыватели со своими радостями и скелетами в шкафу, которые повторяют судьбу сказочных персонажей. Второй сезон «Расскажи мне историю» посвящён сказкам о принцессах: «Красавице и чудовищу», «Спящей красавице» и «Золушке». Действия развернутся на юго-востоке США — в городе Нашвилл. Подробности сериала «Расскажи мне историю» Шоу основано на испанском одноименном сериале « Расскажи мне сказку », и также посвящено пересказу фольклорных историй в современном сеттинге. Сценарий для шоу написал Кевин Уильямсон, мастер подростковых драм и автор « Дневников вампира ». «Расскажи мне историю» придётся по вкусу любителям других современных интерпретаций классических сказок, таких как « Гримм » и « Однажды в сказке ».",США,2018,"Драма, Триллер",https://myshows.me/view/58306/,https://media.myshows.me/shows/760/d/74/d7447b72c41505445e279c9e5702fb7d.jpg
Падение дома Ашеров,"Экранизация рассказов Эдгара Аллана По. Чтобы защитить свое состояние и будущее, безжалостные брат и сестра Родерик и Мэдлин Ашеры создают династию, которая начинает рушиться, когда их наследники один за одним загадочно погибают.",США,2023,"Драма, Ужасы",https://myshows.me/view/75539/,https://media.myshows.me/shows/760/d/d9/dd9fb2f5bfea4c38835698575b044784.jpg
Беспринципные,"Добро пожаловать на Патриаршие. Смешные и волнующие подробности личной жизни богатых москвичей, которые, как и все, попадают в неловкие ситуации.   Правда, ситуации у них не самые обычные… Жена чувствует себя виноватой, познакомившись с любовницей мужа.   Муж прикрывается выдуманной дочерью друга. А друг толкает помощника на измену, потому что так хочет жена. И это только начало.   Одним словом, неприличные истории о приличных, казалось бы, людях.",Россия,2020,"Комедия, Романтика",https://myshows.me/view/65989/,https://media.myshows.me/shows/760/e/9b/e9b363f42cf3fd1627ba07181be08d1d.jpg
Виктория,"Королева Виктория взошла на британский престол в 1837 году. 18-летней девушке предстояло править огромной империей в разгар англо-афганской войны и голода в Ирландии. Первые годы правления Виктории связаны с советчиком Лордом Мелборном и ухажёром, а позже мужем — германским принцем Альбертом. После рождения первого ребёнка Виктория разрывается между ролью заботливой матери и молодого монарха Британской империи. Подробности сериала «Виктория» Шоураннером выступила британская поэтесса и ТВ-продюсер Дэйзи Гудвин. Роль Виктории исполнила актриса Дженна Коулман, известная по сериалу « Доктор Кто ». Сериал входит в антологию «Мастерпис» телеканала PBS, которая включает в себя британские шоу, в большинстве основанные на романах и биографиях. Кроме «Виктории», антология содержит « Аббатство Даунтон » и « Шерлока ».",США,2016,"Драма, Исторический",https://myshows.me/view/48858/,https://media.myshows.me/shows/760/2/51/251a4cd3bbb875df79344ca81c783910.jpg
Однажды в стране чудес,"В викторианском Лондоне красивая и молодая Алиса рассказывает историю о необычной земле, которая существует по ту сторону кроличьей норы. Исчезающий кот, гусеница, курящая кальян, игральные карты и фантастические вещи, которые она видела во время этого приключения, которые невозможны. Конечно, девушку приняли за сумасшедшую. Главная цель врачей  вылечить её, чтобы она забыла всё, что там происходило. Алиса готова забыть все это  особенно болезненную память о джинне, в которого она влюбилась и потеряла навсегда, но красивый и таинственный Сайрус говорит, что в глубине души она знает, что этот мир реальный",США,2013,"Приключения, Драма, Фэнтези",https://myshows.me/view/32036/,https://media.myshows.me/shows/760/c/60/c60cc82153d20a2f85611e9cec6441f7.jpg
Девочки Гилмор,"Добро пожаловать в Старз Холлоу! Маленький живописный городок находящийся неподалёку от Гарварда. С населением всего в девять тысяч человек, одним отелем, маленькими магазинчиками, несколькими ресторанами, средней школой, танцевальной студией, видео салоном и единственным в городе светофором. Здесь и протекает жизнь одинокой молодой мамы, тридцати двух лет, и её шестнадцатилетней дочки. Хотя на первый взгляд их можно принять за сестёр. Они лучшие подруги, разделяют практически всё  от взглядов на мир до вкусов на еду, музыку и кино. Картинка из жизни Лорелай и Рори очень насыщенная, непредсказуема и неординарна. И будьте уверены в том, что с Девочками Гилмор вам никогда не будет скучно! ПОЖАЛУЙСТА, ОБРАТИТЕ ВНИМАНИЕ! Продолжение сериала здесь  https://myshows.me/view/50097/",США,2000,"Романтика, Драма, Комедия",https://myshows.me/view/377/,https://media.myshows.me/shows/760/2/ee/2ee6bd234c24e8e4ff264e45b0148405.jpg
